<ImportExportXml version="9.2.23084.220" SolutionPackageVersion="9.2" languagecode="1033" generatedBy="CrmLive" xmlns:xsi="http://www.w3.org/2001/XMLSchema-instance">
  <SolutionManifest>
    <UniqueName>CalHRBenefitsBot</UniqueName>
    <LocalizedNames>
      <LocalizedName description="CalHR Benefits Bot" languagecode="1033" />
    </LocalizedNames>
    <Descriptions />
    <Version>1.0.0.4</Version>
    <Managed>1</Managed>
    <Publisher>
      <UniqueName>innadvsory</UniqueName>
      <LocalizedNames>
        <LocalizedName description="Innovation Advisory Consulting" languagecode="1033" />
      </LocalizedNames>
      <Descriptions />
      <EMailAddress xsi:nil="true"></EMailAddress>
      <SupportingWebsiteUrl xsi:nil="true"></SupportingWebsiteUrl>
      <CustomizationPrefix>iac</CustomizationPrefix>
      <CustomizationOptionValuePrefix>82235</CustomizationOptionValuePrefix>
      <Addresses>
        <Address>
          <AddressNumber>1</AddressNumber>
          <AddressTypeCode>1</AddressTypeCode>
          <City xsi:nil="true"></City>
          <County xsi:nil="true"></County>
          <Country xsi:nil="true"></Country>
          <Fax xsi:nil="true"></Fax>
          <FreightTermsCode xsi:nil="true"></FreightTermsCode>
          <ImportSequenceNumber xsi:nil="true"></ImportSequenceNumber>
          <Latitude xsi:nil="true"></Latitude>
          <Line1 xsi:nil="true"></Line1>
          <Line2 xsi:nil="true"></Line2>
          <Line3 xsi:nil="true"></Line3>
          <Longitude xsi:nil="true"></Longitude>
          <Name xsi:nil="true"></Name>
          <PostalCode xsi:nil="true"></PostalCode>
          <PostOfficeBox xsi:nil="true"></PostOfficeBox>
          <PrimaryContactName xsi:nil="true"></PrimaryContactName>
          <ShippingMethodCode>1</ShippingMethodCode>
          <StateOrProvince xsi:nil="true"></StateOrProvince>
          <Telephone1 xsi:nil="true"></Telephone1>
          <Telephone2 xsi:nil="true"></Telephone2>
          <Telephone3 xsi:nil="true"></Telephone3>
          <TimeZoneRuleVersionNumber xsi:nil="true"></TimeZoneRuleVersionNumber>
          <UPSZone xsi:nil="true"></UPSZone>
          <UTCOffset xsi:nil="true"></UTCOffset>
          <UTCConversionTimeZoneCode xsi:nil="true"></UTCConversionTimeZoneCode>
        </Address>
        <Address>
          <AddressNumber>2</AddressNumber>
          <AddressTypeCode>1</AddressTypeCode>
          <City xsi:nil="true"></City>
          <County xsi:nil="true"></County>
          <Country xsi:nil="true"></Country>
          <Fax xsi:nil="true"></Fax>
          <FreightTermsCode xsi:nil="true"></FreightTermsCode>
          <ImportSequenceNumber xsi:nil="true"></ImportSequenceNumber>
          <Latitude xsi:nil="true"></Latitude>
          <Line1 xsi:nil="true"></Line1>
          <Line2 xsi:nil="true"></Line2>
          <Line3 xsi:nil="true"></Line3>
          <Longitude xsi:nil="true"></Longitude>
          <Name xsi:nil="true"></Name>
          <PostalCode xsi:nil="true"></PostalCode>
          <PostOfficeBox xsi:nil="true"></PostOfficeBox>
          <PrimaryContactName xsi:nil="true"></PrimaryContactName>
          <ShippingMethodCode>1</ShippingMethodCode>
          <StateOrProvince xsi:nil="true"></StateOrProvince>
          <Telephone1 xsi:nil="true"></Telephone1>
          <Telephone2 xsi:nil="true"></Telephone2>
          <Telephone3 xsi:nil="true"></Telephone3>
          <TimeZoneRuleVersionNumber xsi:nil="true"></TimeZoneRuleVersionNumber>
          <UPSZone xsi:nil="true"></UPSZone>
          <UTCOffset xsi:nil="true"></UTCOffset>
          <UTCConversionTimeZoneCode xsi:nil="true"></UTCConversionTimeZoneCode>
        </Address>
      </Addresses>
    </Publisher>
    <RootComponents>
      <RootComponent type="1" schemaName="conversationtranscript" behavior="0" />
      <RootComponent type="1" schemaName="iac_feedback" behavior="0" />
      <RootComponent type="29" id="{6660c081-4745-ee11-bdf3-000d3a339b63}" behavior="0" />
      <RootComponent type="29" id="{e5b80a3c-5862-ee11-8def-000d3a1a5e6a}" behavior="0" />
    </RootComponents>
    <MissingDependencies>
      <MissingDependency>
        <Required type="1" schemaName="bot" displayName="Chatbot" solution="PowerVirtualAgents (2.0.0.556)">
          <package>msdynce_CustomerCareIntelligenceBots_Anchor (2.0.0.556)</package>
        </Required>
        <Dependent type="10" schemaName="bot_conversationtranscript" displayName="bot_conversationtranscript" parentSchemaName="bot" parentDisplayName="Chatbot" />
      </MissingDependency>
      <MissingDependency>
        <Required type="1" schemaName="conversationtranscript" displayName="ConversationTranscript" solution="PowerVirtualAgentsCommon (2.0.0.556)">
          <package>msdynce_CustomerCareIntelligenceBots_Anchor (2.0.0.556)</package>
        </Required>
        <Dependent type="1" schemaName="conversationtranscript" displayName="ConversationTranscript" />
      </MissingDependency>
      <MissingDependency>
        <Required type="1" schemaName="conversationtranscript" displayName="ConversationTranscript" solution="PowerVirtualAgentsCommon (2.0.0.556)">
          <package>msdynce_CustomerCareIntelligenceBots_Anchor (2.0.0.556)</package>
        </Required>
        <Dependent type="10" schemaName="bot_conversationtranscript" displayName="bot_conversationtranscript" parentSchemaName="bot" parentDisplayName="Chatbot" />
      </MissingDependency>
      <MissingDependency>
        <Required type="1" schemaName="conversationtranscript" displayName="ConversationTranscript" solution="PowerVirtualAgentsCommon (2.0.0.556)">
          <package>msdynce_CustomerCareIntelligenceBots_Anchor (2.0.0.556)</package>
        </Required>
        <Dependent type="2" schemaName="createdby" displayName="Created By" parentSchemaName="conversationtranscript" parentDisplayName="ConversationTranscript" />
      </MissingDependency>
      <MissingDependency>
        <Required type="1" schemaName="conversationtranscript" displayName="ConversationTranscript" solution="PowerVirtualAgentsCommon (2.0.0.556)">
          <package>msdynce_CustomerCareIntelligenceBots_Anchor (2.0.0.556)</package>
        </Required>
        <Dependent type="2" schemaName="createdonbehalfby" displayName="Created By (Delegate)" parentSchemaName="conversationtranscript" parentDisplayName="ConversationTranscript" />
      </MissingDependency>
      <MissingDependency>
        <Required type="1" schemaName="conversationtranscript" displayName="ConversationTranscript" solution="PowerVirtualAgentsCommon (2.0.0.556)">
          <package>msdynce_CustomerCareIntelligenceBots_Anchor (2.0.0.556)</package>
        </Required>
        <Dependent type="2" schemaName="modifiedby" displayName="Modified By" parentSchemaName="conversationtranscript" parentDisplayName="ConversationTranscript" />
      </MissingDependency>
      <MissingDependency>
        <Required type="1" schemaName="conversationtranscript" displayName="ConversationTranscript" solution="PowerVirtualAgentsCommon (2.0.0.556)">
          <package>msdynce_CustomerCareIntelligenceBots_Anchor (2.0.0.556)</package>
        </Required>
        <Dependent type="2" schemaName="modifiedonbehalfby" displayName="Modified By (Delegate)" parentSchemaName="conversationtranscript" parentDisplayName="ConversationTranscript" />
      </MissingDependency>
      <MissingDependency>
        <Required type="1" schemaName="conversationtranscript" displayName="ConversationTranscript" solution="PowerVirtualAgentsCommon (2.0.0.556)">
          <package>msdynce_CustomerCareIntelligenceBots_Anchor (2.0.0.556)</package>
        </Required>
        <Dependent type="2" schemaName="ownerid" displayName="Owner" parentSchemaName="conversationtranscript" parentDisplayName="ConversationTranscript" />
      </MissingDependency>
      <MissingDependency>
        <Required type="1" schemaName="conversationtranscript" displayName="ConversationTranscript" solution="PowerVirtualAgentsCommon (2.0.0.556)">
          <package>msdynce_CustomerCareIntelligenceBots_Anchor (2.0.0.556)</package>
        </Required>
        <Dependent type="2" schemaName="owningbusinessunit" displayName="Owning Business Unit" parentSchemaName="conversationtranscript" parentDisplayName="ConversationTranscript" />
      </MissingDependency>
      <MissingDependency>
        <Required type="1" schemaName="conversationtranscript" displayName="ConversationTranscript" solution="PowerVirtualAgentsCommon (2.0.0.556)">
          <package>msdynce_CustomerCareIntelligenceBots_Anchor (2.0.0.556)</package>
        </Required>
        <Dependent type="2" schemaName="owningteam" displayName="Owning Team" parentSchemaName="conversationtranscript" parentDisplayName="ConversationTranscript" />
      </MissingDependency>
      <MissingDependency>
        <Required type="1" schemaName="conversationtranscript" displayName="ConversationTranscript" solution="PowerVirtualAgentsCommon (2.0.0.556)">
          <package>msdynce_CustomerCareIntelligenceBots_Anchor (2.0.0.556)</package>
        </Required>
        <Dependent type="2" schemaName="owninguser" displayName="Owning User" parentSchemaName="conversationtranscript" parentDisplayName="ConversationTranscript" />
      </MissingDependency>
      <MissingDependency>
        <Required type="1" schemaName="conversationtranscript" displayName="ConversationTranscript" solution="PowerVirtualAgentsCommon (2.0.0.556)">
          <package>msdynce_CustomerCareIntelligenceBots_Anchor (2.0.0.556)</package>
        </Required>
        <Dependent type="2" schemaName="versionnumber" displayName="Version Number" parentSchemaName="conversationtranscript" parentDisplayName="ConversationTranscript" />
      </MissingDependency>
      <MissingDependency>
        <Required type="1" schemaName="conversationtranscript" displayName="ConversationTranscript" solution="PowerVirtualAgentsCommon (2.0.0.556)">
          <package>msdynce_CustomerCareIntelligenceBots_Anchor (2.0.0.556)</package>
        </Required>
        <Dependent type="26" schemaName="conversationtranscript Copilot View" displayName="conversationtranscript Copilot View" parentSchemaName="conversationtranscript" parentDisplayName="ConversationTranscript" id="{d72d5c29-fda2-2f48-3c15-d3c95c4d0d81}" />
      </MissingDependency>
      <MissingDependency>
        <Required type="10" schemaName="bot_conversationtranscript" displayName="bot_conversationtranscript" parentSchemaName="bot" parentDisplayName="Chatbot" solution="PowerVirtualAgents (2.0.0.556)">
          <package>msdynce_CustomerCareIntelligenceBots_Anchor (2.0.0.556)</package>
        </Required>
        <Dependent type="10" schemaName="bot_conversationtranscript" displayName="bot_conversationtranscript" parentSchemaName="bot" parentDisplayName="Chatbot" />
      </MissingDependency>
      <MissingDependency>
        <Required type="2" schemaName="botid" displayName="Bot" parentSchemaName="bot" parentDisplayName="Chatbot" solution="PowerVirtualAgents (2.0.0.556)">
          <package>msdynce_CustomerCareIntelligenceBots_Anchor (2.0.0.556)</package>
        </Required>
        <Dependent type="10" schemaName="bot_conversationtranscript" displayName="bot_conversationtranscript" parentSchemaName="bot" parentDisplayName="Chatbot" />
      </MissingDependency>
      <MissingDependency>
        <Required type="2" schemaName="name" displayName="Name" parentSchemaName="bot" parentDisplayName="Chatbot" solution="PowerVirtualAgents (2.0.0.556)">
          <package>msdynce_CustomerCareIntelligenceBots_Anchor (2.0.0.556)</package>
        </Required>
        <Dependent type="10" schemaName="bot_conversationtranscript" displayName="bot_conversationtranscript" parentSchemaName="bot" parentDisplayName="Chatbot" />
      </MissingDependency>
      <MissingDependency>
        <Required type="2" schemaName="bot_conversationtranscriptid" displayName="bot_conversationtranscript" parentSchemaName="conversationtranscript" parentDisplayName="ConversationTranscript" solution="PowerVirtualAgents (2.0.0.556)">
          <package>msdynce_CustomerCareIntelligenceBots_Anchor (2.0.0.556)</package>
        </Required>
        <Dependent type="10" schemaName="bot_conversationtranscript" displayName="bot_conversationtranscript" parentSchemaName="bot" parentDisplayName="Chatbot" />
      </MissingDependency>
      <MissingDependency>
        <Required type="2" schemaName="content" displayName="Content" parentSchemaName="conversationtranscript" parentDisplayName="ConversationTranscript" solution="PowerVirtualAgentsCommon (2.0.0.556)">
          <package>msdynce_CustomerCareIntelligenceBots_Anchor (2.0.0.556)</package>
        </Required>
        <Dependent type="26" schemaName="conversationtranscript Copilot View" displayName="conversationtranscript Copilot View" parentSchemaName="conversationtranscript" parentDisplayName="ConversationTranscript" id="{d72d5c29-fda2-2f48-3c15-d3c95c4d0d81}" />
      </MissingDependency>
      <MissingDependency>
        <Required type="2" schemaName="conversationstarttime" displayName="ConversationStartTime" parentSchemaName="conversationtranscript" parentDisplayName="ConversationTranscript" solution="PowerVirtualAgentsCommon (2.0.0.556)">
          <package>msdynce_CustomerCareIntelligenceBots_Anchor (2.0.0.556)</package>
        </Required>
        <Dependent type="26" schemaName="conversationtranscript Copilot View" displayName="conversationtranscript Copilot View" parentSchemaName="conversationtranscript" parentDisplayName="ConversationTranscript" id="{d72d5c29-fda2-2f48-3c15-d3c95c4d0d81}" />
      </MissingDependency>
      <MissingDependency>
        <Required type="2" schemaName="conversationtranscriptid" displayName="conversationtranscript" parentSchemaName="conversationtranscript" parentDisplayName="ConversationTranscript" solution="PowerVirtualAgentsCommon (2.0.0.556)">
          <package>msdynce_CustomerCareIntelligenceBots_Anchor (2.0.0.556)</package>
        </Required>
        <Dependent type="26" schemaName="conversationtranscript Copilot View" displayName="conversationtranscript Copilot View" parentSchemaName="conversationtranscript" parentDisplayName="ConversationTranscript" id="{d72d5c29-fda2-2f48-3c15-d3c95c4d0d81}" />
      </MissingDependency>
      <MissingDependency>
        <Required type="2" schemaName="createdon" displayName="Created On" parentSchemaName="conversationtranscript" parentDisplayName="ConversationTranscript" solution="PowerVirtualAgentsCommon (2.0.0.556)">
          <package>msdynce_CustomerCareIntelligenceBots_Anchor (2.0.0.556)</package>
        </Required>
        <Dependent type="26" schemaName="conversationtranscript Copilot View" displayName="conversationtranscript Copilot View" parentSchemaName="conversationtranscript" parentDisplayName="ConversationTranscript" id="{d72d5c29-fda2-2f48-3c15-d3c95c4d0d81}" />
      </MissingDependency>
      <MissingDependency>
        <Required type="2" schemaName="name" displayName="Name" parentSchemaName="conversationtranscript" parentDisplayName="ConversationTranscript" solution="PowerVirtualAgentsCommon (2.0.0.556)">
          <package>msdynce_CustomerCareIntelligenceBots_Anchor (2.0.0.556)</package>
        </Required>
        <Dependent type="26" schemaName="conversationtranscript Copilot View" displayName="conversationtranscript Copilot View" parentSchemaName="conversationtranscript" parentDisplayName="ConversationTranscript" id="{d72d5c29-fda2-2f48-3c15-d3c95c4d0d81}" />
      </MissingDependency>
      <MissingDependency>
        <Required type="2" schemaName="schematype" displayName="SchemaType" parentSchemaName="conversationtranscript" parentDisplayName="ConversationTranscript" solution="PowerVirtualAgentsCommon (2.0.0.556)">
          <package>msdynce_CustomerCareIntelligenceBots_Anchor (2.0.0.556)</package>
        </Required>
        <Dependent type="26" schemaName="conversationtranscript Copilot View" displayName="conversationtranscript Copilot View" parentSchemaName="conversationtranscript" parentDisplayName="ConversationTranscript" id="{d72d5c29-fda2-2f48-3c15-d3c95c4d0d81}" />
      </MissingDependency>
      <MissingDependency>
        <Required type="2" schemaName="schemaversion" displayName="ContentSchemaVersion" parentSchemaName="conversationtranscript" parentDisplayName="ConversationTranscript" solution="PowerVirtualAgentsCommon (2.0.0.556)">
          <package>msdynce_CustomerCareIntelligenceBots_Anchor (2.0.0.556)</package>
        </Required>
        <Dependent type="26" schemaName="conversationtranscript Copilot View" displayName="conversationtranscript Copilot View" parentSchemaName="conversationtranscript" parentDisplayName="ConversationTranscript" id="{d72d5c29-fda2-2f48-3c15-d3c95c4d0d81}" />
      </MissingDependency>
      <MissingDependency>
        <Required type="2" schemaName="statecode" displayName="Status" parentSchemaName="conversationtranscript" parentDisplayName="ConversationTranscript" solution="PowerVirtualAgentsCommon (2.0.0.556)">
          <package>msdynce_CustomerCareIntelligenceBots_Anchor (2.0.0.556)</package>
        </Required>
        <Dependent type="26" schemaName="conversationtranscript Copilot View" displayName="conversationtranscript Copilot View" parentSchemaName="conversationtranscript" parentDisplayName="ConversationTranscript" id="{d72d5c29-fda2-2f48-3c15-d3c95c4d0d81}" />
      </MissingDependency>
      <MissingDependency>
        <Required type="connectionreference" displayName="new_sharedcommondataserviceforapps_02ff2" solution="Active" id.connectionreferencelogicalname="new_sharedcommondataserviceforapps_02ff2" />
        <Dependent type="29" displayName="ChatBot Flow" id="{e5b80a3c-5862-ee11-8def-000d3a1a5e6a}" />
      </MissingDependency>
    </MissingDependencies>
  </SolutionManifest>
</ImportExportXml>