{
  "properties": {
    "connectionReferences": {
      "shared_commondataserviceforapps": {
        "runtimeSource": "embedded",
        "connection": {
          "connectionReferenceLogicalName": "new_sharedcommondataserviceforapps_02ff2"
        },
        "api": {
          "name": "shared_commondataserviceforapps"
        }
      }
    },
    "definition": {
      "$schema": "https://schema.management.azure.com/providers/Microsoft.Logic/schemas/2016-06-01/workflowdefinition.json#",
      "contentVersion": "1.0.0.0",
      "parameters": {
        "$connections": {
          "defaultValue": {},
          "type": "Object"
        },
        "$authentication": {
          "defaultValue": {},
          "type": "SecureObject"
        }
      },
      "triggers": {
        "manual": {
          "metadata": {
            "operationMetadataId": "8b48362d-a153-4cbe-897d-e0ae2fecdd05"
          },
          "type": "Request",
          "kind": "VirtualAgent",
          "inputs": {
            "schema": {
              "type": "object",
              "properties": {
                "text": {
                  "title": "Feedback",
                  "type": "string",
                  "x-ms-dynamically-added": true,
                  "description": "Feedback",
                  "x-ms-content-hint": "TEXT"
                },
                "text_1": {
                  "title": "Full Conversation",
                  "type": "string",
                  "x-ms-dynamically-added": true,
                  "description": "Full conversation",
                  "x-ms-content-hint": "TEXT"
                },
                "text_2": {
                  "title": "Session ID",
                  "type": "string",
                  "x-ms-dynamically-added": true,
                  "description": "Session ID",
                  "x-ms-content-hint": "TEXT"
                },
                "text_3": {
                  "title": "Submit",
                  "type": "string",
                  "x-ms-dynamically-added": true,
                  "description": "Submit",
                  "x-ms-content-hint": "TEXT"
                }
              },
              "required": [
                "text",
                "text_1",
                "text_2",
                "text_3"
              ]
            }
          }
        }
      },
      "actions": {
        "Return_value(s)_to_Power_Virtual_Agents": {
          "runAfter": {
            "Agregar_una_fila_nueva": [
              "Succeeded"
            ]
          },
          "metadata": {
            "operationMetadataId": "091b985b-bb2a-4508-90d8-ebada42e941f"
          },
          "type": "Response",
          "kind": "VirtualAgent",
          "inputs": {
            "statusCode": 200,
            "body": {},
            "schema": {
              "type": "object",
              "properties": {}
            }
          }
        },
        "Agregar_una_fila_nueva": {
          "runAfter": {},
          "metadata": {
            "operationMetadataId": "9ac8107b-fa10-4651-93a4-40d75657cd09"
          },
          "type": "OpenApiConnection",
          "inputs": {
            "host": {
              "connectionName": "shared_commondataserviceforapps",
              "operationId": "CreateRecord",
              "apiId": "/providers/Microsoft.PowerApps/apis/shared_commondataserviceforapps"
            },
            "parameters": {
              "entityName": "iac_feedbacks",
              "item/iac_name": "@triggerBody()['text']",
              "item/iac_fullconversation": "@triggerBody()['text_1']",
              "item/iac_sessionid": "@triggerBody()['text_2']"
            },
            "authentication": "@parameters('$authentication')"
          }
        }
      },
      "outputs": {}
    },
    "templateName": "c9cd2c4e691a4646adc8aa592c88489b"
  },
  "schemaVersion": "1.0.0.0"
}