<botcomponent_workflowset>
  <botcomponent_workflow botcomponentid.schemaname="iac_calHRBenefitsBot.topic.AI" workflowid.workflowid="6660c081-4745-ee11-bdf3-000d3a339b63">
    <iscustomizable>1</iscustomizable>
  </botcomponent_workflow>
  <botcomponent_workflow botcomponentid.schemaname="iac_calHRBenefitsBot.topic.AI" workflowid.workflowid="b9123b3b-7f73-ee11-9ae7-000d3a1a5e6a">
    <iscustomizable>1</iscustomizable>
  </botcomponent_workflow>
  <botcomponent_workflow botcomponentid.schemaname="iac_calHRBenefitsBot.topic.EndofConversation" workflowid.workflowid="e5b80a3c-5862-ee11-8def-000d3a1a5e6a">
    <iscustomizable>1</iscustomizable>
  </botcomponent_workflow>
  <botcomponent_workflow botcomponentid.schemaname="iac_calHRBenefitsBot.topic.Fallback5.0" workflowid.workflowid="6660c081-4745-ee11-bdf3-000d3a339b63">
    <iscustomizable>1</iscustomizable>
  </botcomponent_workflow>
  <botcomponent_workflow botcomponentid.schemaname="iac_calHRBenefitsBot.topic.Feedback5.0" workflowid.workflowid="e5b80a3c-5862-ee11-8def-000d3a1a5e6a">
    <iscustomizable>1</iscustomizable>
  </botcomponent_workflow>
  <botcomponent_workflow botcomponentid.schemaname="iac_calHRBenefitsBot.topic.FeedbackJAG" workflowid.workflowid="e5b80a3c-5862-ee11-8def-000d3a1a5e6a">
    <iscustomizable>1</iscustomizable>
  </botcomponent_workflow>
  <botcomponent_workflow botcomponentid.schemaname="iac_calHRBenefitsBot.topic.OpenAI" workflowid.workflowid="6660c081-4745-ee11-bdf3-000d3a339b63">
    <iscustomizable>1</iscustomizable>
  </botcomponent_workflow>
</botcomponent_workflowset>