<botcomponent_workflowset>
  <botcomponent_workflow botcomponentid.schemaname="iac_calHRBenefitsBot.topic.ACA" workflowid.workflowid="6660c081-4745-ee11-bdf3-000d3a339b63">
    <iscustomizable>1</iscustomizable>
  </botcomponent_workflow>
  <botcomponent_workflow botcomponentid.schemaname="iac_calHRBenefitsBot.topic.BicycleCommuteProgram" workflowid.workflowid="6660c081-4745-ee11-bdf3-000d3a339b63">
    <iscustomizable>1</iscustomizable>
  </botcomponent_workflow>
  <botcomponent_workflow botcomponentid.schemaname="iac_calHRBenefitsBot.topic.DRV" workflowid.workflowid="6660c081-4745-ee11-bdf3-000d3a339b63">
    <iscustomizable>1</iscustomizable>
  </botcomponent_workflow>
  <botcomponent_workflow botcomponentid.schemaname="iac_calHRBenefitsBot.topic.Fallback" workflowid.workflowid="6660c081-4745-ee11-bdf3-000d3a339b63">
    <iscustomizable>1</iscustomizable>
  </botcomponent_workflow>
  <botcomponent_workflow botcomponentid.schemaname="iac_calHRBenefitsBot.topic.LTD" workflowid.workflowid="6660c081-4745-ee11-bdf3-000d3a339b63">
    <iscustomizable>1</iscustomizable>
  </botcomponent_workflow>
  <botcomponent_workflow botcomponentid.schemaname="iac_calHRBenefitsBot.topic.OPEB" workflowid.workflowid="6660c081-4745-ee11-bdf3-000d3a339b63">
    <iscustomizable>1</iscustomizable>
  </botcomponent_workflow>
  <botcomponent_workflow botcomponentid.schemaname="iac_calHRBenefitsBot.topic.POFF" workflowid.workflowid="6660c081-4745-ee11-bdf3-000d3a339b63">
    <iscustomizable>1</iscustomizable>
  </botcomponent_workflow>
  <botcomponent_workflow botcomponentid.schemaname="iac_calHRBenefitsBot.topic.WorkersComp" workflowid.workflowid="6660c081-4745-ee11-bdf3-000d3a339b63">
    <iscustomizable>1</iscustomizable>
  </botcomponent_workflow>
</botcomponent_workflowset>